ONTOLOGY	ID	Description	setSize	enrichmentScore	NES	pvalue	p.adjust	qvalue	rank	leading_edge	core_enrichment
CC	GO:0098803	respiratory chain complex	70	-0.758462809414028	-3.28175172075805	1e-10	2.38333333333333e-09	1.61013645224172e-09	193	tags=73%, list=18%, signal=64%	UQCRQ/COX4I1/DMAC2/NDUFS2/NDUFS5/NDUFB4/UQCRFS1/NDUFB1/COX6C/SDHB/UQCR11/NDUFB2/NDUFA9/NDUFC1/COX5B/COX7B/UQCR10/NDUFA11/COX6B1/NDUFA7/NDUFA1/NDUFB3/NDUFAB1/UQCRB/COX7C/NDUFB6/NDUFB8/NDUFA10/COX7A1/NDUFS4/COX7A2/SDHA/NDUFA4/NDUFA8/DMAC1/NDUFB11/NDUFB7/NDUFB10/COX5A/NDUFC2/NDUFV3/NDUFA13/UQCRC1/FOXRED1/NDUFB9/NDUFS6/NDUFV1/NDUFS7/NDUFS8/CYC1/COX8A
BP	GO:0015986	proton motive force-driven ATP synthesis	58	-0.767431343981722	-3.23755657233947	1e-10	2.38333333333333e-09	1.61013645224172e-09	179	tags=78%, list=17%, signal=68%	ATP5PF/ATP5MK/NDUFS2/NDUFS5/STOML2/NDUFB4/ATP5F1A/NDUFB1/SDHB/NDUFB2/NDUFA9/NDUFC1/ATP5ME/ATP5MF/NDUFA11/ATP5MC2/NDUFA7/NDUFA1/NDUFB3/NDUFAB1/ATP5F1C/ATP5MJ/NDUFB6/ATP5F1D/NDUFB8/NDUFA10/NDUFS4/SDHA/ATP5F1B/NDUFA8/NDUFB11/NDUFB7/NDUFB10/NDUFC2/NDUFV3/ATP5MC3/ATP5MC1/NDUFA13/ATP5MG/ATP5PO/NDUFB9/NDUFS6/NDUFV1/NDUFS7/NDUFS8
MF	GO:0015453	oxidoreduction-driven active transmembrane transporter activity	45	-0.776177065366537	-3.07889949211042	1e-10	2.38333333333333e-09	1.61013645224172e-09	168	tags=80%, list=16%, signal=70%	COX4I1/NDUFS2/NDUFS5/NDUFB4/UQCRFS1/NDUFB1/NDUFB2/NDUFA9/NDUFC1/COX5B/COX7B/UQCR10/COX6B1/NDUFA7/NDUFA1/NDUFB3/NDUFB6/NDUFB8/NDUFA10/COX7A1/NDUFS4/NDUFA4/NDUFA8/NDUFB7/NDUFB10/COX5A/NDUFC2/NDUFV3/UQCRC1/NDUFB9/NDUFS6/NDUFV1/NDUFS7/NDUFS8/CYC1/COX8A
CC	GO:0005747	mitochondrial respiratory chain complex I	38	-0.808551355187464	-3.06322993431932	1e-10	2.38333333333333e-09	1.61013645224172e-09	170	tags=84%, list=16%, signal=73%	DMAC2/NDUFS2/NDUFS5/NDUFB4/NDUFB1/NDUFB2/NDUFA9/NDUFC1/NDUFA11/NDUFA7/NDUFA1/NDUFB3/NDUFAB1/NDUFB6/NDUFB8/NDUFA10/NDUFS4/NDUFA4/NDUFA8/DMAC1/NDUFB11/NDUFB7/NDUFB10/NDUFC2/NDUFV3/NDUFA13/FOXRED1/NDUFB9/NDUFS6/NDUFV1/NDUFS7/NDUFS8
BP	GO:0006119	oxidative phosphorylation	108	-0.646136154070288	-3.05788985303631	1e-10	2.38333333333333e-09	1.61013645224172e-09	193	tags=56%, list=18%, signal=51%	UQCRQ/COX4I1/FXN/ATP5PF/NDUFS2/NDUFS5/STOML2/NDUFB4/UQCRFS1/ATP5F1A/NDUFB1/COX6C/SDHB/UQCR11/NDUFB2/NDUFA9/COQ9/UQCC2/NDUFC1/ATP5ME/COX5B/COX7B/ATP5MF/UQCR10/NDUFA11/COX6B1/NDUFA7/NDUFA1/NDUFB3/NDUFAB1/UQCRB/ATP5F1C/COX7C/NDUFB6/ATP5F1D/NDUFB8/NDUFA10/COX7A1/NDUFS4/COX7A2/SDHA/NDUFA4/ATP5F1B/NDUFA8/NDUFB11/NDUFB7/NDUFB10/COX5A/NDUFC2/NDUFV3/NDUFA13/ATP5MG/UQCRC1/ATP5PO/NDUFB9/NDUFS6/NDUFV1/NDUFS7/NDUFS8/CYC1/COX8A
CC	GO:0098800	inner mitochondrial membrane protein complex	127	-0.622241952218433	-3.01903006091121	1e-10	2.38333333333333e-09	1.61013645224172e-09	282	tags=66%, list=27%, signal=55%	COX6A2/TIMM21/ROMO1/ATP5PD/SAMM50/APOO/PHB2/NDUFV2/UQCRC2/ATP5PB/IMMT/ATP5F1E/UQCRH/CHCHD6/MICOS10/UQCRQ/COX4I1/ATP5PF/ATP5MK/MPC1/DMAC2/NDUFS2/NDUFS5/NDUFB4/UQCRFS1/ATP5F1A/NDUFB1/COX6C/SDHB/UQCR11/NDUFB2/TIMM17B/NDUFA9/NDUFC1/ATP5ME/COX5B/COX7B/ATP5MF/UQCR10/NDUFA11/COX6B1/ATP5MC2/NDUFA7/TIMM44/NDUFA1/NDUFB3/NDUFAB1/UQCRB/ATP5F1C/ATP5MJ/COX7C/NDUFB6/ATP5F1D/NDUFB8/NDUFA10/COX7A1/NDUFS4/COX7A2/SDHA/NDUFA4/ATP5F1B/NDUFA8/DMAC1/NDUFB11/NDUFB7/NDUFB10/COX5A/NDUFC2/MICOS13/NDUFV3/ATP5MC3/ATP5MC1/NDUFA13/ATP5MG/UQCRC1/FOXRED1/ATP5PO/NDUFB9/NDUFS6/NDUFV1/NDUFS7/NDUFS8/CYC1/COX8A
CC	GO:0098798	mitochondrial protein-containing complex	260	-0.544077785280678	-2.89303872660814	1e-10	2.38333333333333e-09	1.61013645224172e-09	286	tags=53%, list=27%, signal=51%	MRPL33/BCKDK/DLD/MRPS26/COX6A2/MRPS15/TIMM21/ROMO1/MRPL1/MCCC1/MRPS5/ATP5PD/MRPS11/SAMM50/APOO/PHB2/NDUFV2/UQCRC2/NFS1/TIMM13/PDHA1/ATP5PB/MRPL46/MRPL16/HADHB/IMMT/MRPS7/MRPL57/ACACB/MRPL14/MRPL15/MRPL41/ATP5F1E/CHCHD1/UQCRH/MRPL58/CHCHD6/MRPL10/MICOS10/UQCRQ/HADHA/COX4I1/FXN/IDH3G/ATP5PF/SLC25A4/ATP5MK/MPC1/MRPS33/DMAC2/NDUFS2/NDUFS5/NDUFB4/AURKAIP1/UQCRFS1/MRPL52/ATP5F1A/NDUFB1/COX6C/SDHB/UQCR11/MRPL51/MRPL38/NDUFB2/TIMM17B/NDUFA9/NDUFC1/ATP5ME/COX5B/MRPL20/COX7B/ATP5MF/UQCR10/MRPS18C/NDUFA11/COX6B1/ATP5MC2/NDUFA7/MRPS16/MRPS24/TIMM44/NDUFA1/NDUFB3/NDUFAB1/UQCRB/MRPL4/MRPS17/ATP5F1C/MRPS18A/ATP5MJ/COX7C/HSD17B10/NDUFB6/MRPL28/ATP5F1D/NDUFB8/NDUFA10/MRPS34/COX7A1/NDUFS4/COX7A2/TIMM8B/SDHA/NDUFA4/ATP5F1B/SUCLG1/MRPS9/NDUFA8/DMAC1/NDUFB11/NDUFB7/NDUFB10/MRPL37/BCKDHA/MRPL21/COX5A/NDUFC2/MICOS13/MRPL27/NDUFV3/ATP5MC3/ATP5MC1/NDUFA13/ATP5MG/IDH3B/UQCRC1/FOXRED1/ATP5PO/MRPL2/NDUFB9/MRPL12/NDUFS6/NDUFV1/NDUFS7/NDUFS8/CYC1/COX8A
MF	GO:0008137	NADH dehydrogenase (ubiquinone) activity	30	-0.800481696407179	-2.87781945634171	1e-10	2.38333333333333e-09	1.61013645224172e-09	168	tags=83%, list=16%, signal=72%	NDUFS2/NDUFS5/NDUFB4/NDUFB1/NDUFB2/NDUFA9/NDUFC1/NDUFA7/NDUFA1/NDUFB3/NDUFB6/NDUFB8/NDUFA10/NDUFS4/NDUFA4/NDUFA8/NDUFB7/NDUFB10/NDUFC2/NDUFV3/NDUFB9/NDUFS6/NDUFV1/NDUFS7/NDUFS8
BP	GO:0010257	NADH dehydrogenase complex assembly	51	-0.674603048881258	-2.7471669013528	1e-10	2.38333333333333e-09	1.61013645224172e-09	170	tags=59%, list=16%, signal=52%	DMAC2/ACAD9/NDUFS2/NDUFS5/NDUFB4/NDUFAF3/NDUFB1/NDUFB2/NDUFA9/NDUFC1/NDUFA11/NDUFA1/NDUFB3/NDUFAB1/NDUFB6/NDUFB8/NDUFA10/NDUFS4/NDUFA8/DMAC1/NDUFB11/NDUFB7/NDUFB10/NDUFC2/NDUFA13/ECSIT/FOXRED1/NDUFB9/NDUFS7/NDUFS8
CC	GO:1990204	oxidoreductase complex	81	-0.61920404598716	-2.73907789403934	1e-10	2.38333333333333e-09	1.61013645224172e-09	212	tags=59%, list=20%, signal=51%	UQCRH/LDHB/UQCRQ/IDH3G/DMAC2/NDUFS2/NDUFS5/NDUFB4/UQCRFS1/NDUFB1/SDHB/UQCR11/NDUFB2/NDUFA9/NDUFC1/UQCR10/MTARC1/NDUFA11/NDUFA7/NDUFA1/NDUFB3/NDUFAB1/UQCRB/NDUFB6/OGDH/NDUFB8/NDUFA10/NDUFS4/SDHA/NDUFA4/NDUFA8/DMAC1/NDUFB11/NDUFB7/NDUFB10/BCKDHA/NDUFC2/NDUFV3/NDUFA13/IDH3B/UQCRC1/FOXRED1/NDUFB9/NDUFS6/NDUFV1/NDUFS7/NDUFS8/CYC1
BP	GO:0045333	cellular respiration	166	-0.538096194107639	-2.69597784953024	1e-10	2.38333333333333e-09	1.61013645224172e-09	270	tags=54%, list=26%, signal=47%	ACLY/ATP5PD/NDUFV2/NIPSNAP2/UQCRC2/SLC25A18/MFN2/PDHA1/ATP5PB/ETFDH/ATP5F1E/ETFA/AIFM2/CS/UQCRH/UQCRQ/OXA1L/COX4I1/FXN/IDH3G/ATP5PF/COQ10A/NDUFS2/NDUFS5/STOML2/NDUFB4/FH/UQCRFS1/ACO2/ATP5F1A/NDUFB1/COX6C/SDHB/UQCR11/NDUFB2/NDUFA9/COQ9/UQCC2/NDUFC1/ATP5ME/COX5B/COX7B/ATP5MF/UQCR10/NDUFA11/COX6B1/NDUFA7/COX10/NDUFA1/NDUFB3/NDUFAB1/UQCRB/ATP5F1C/COX7C/NDUFB6/ATP5F1D/OGDH/NDUFB8/NDUFA10/COX7A1/NDUFS4/COX7A2/TRAP1/SDHA/NDUFA4/ATP5F1B/SUCLG1/NDUFA8/NDUFB11/NDUFB7/NDUFB10/COX5A/NDUFC2/NDUFV3/NDUFA13/ATP5MG/IDH3B/UQCRC1/ATP5PO/NDUFB9/NDUFS6/ETFB/NDUFV1/NDUFS7/NDUFS8/CYC1/COX8A/IDH2/MDH2
CC	GO:1902494	catalytic complex	175	-0.531886553394364	-2.64600321625101	1e-10	2.38333333333333e-09	1.61013645224172e-09	193	tags=46%, list=18%, signal=45%	UQCRQ/HADHA/GRHPR/COX4I1/FXN/IDH3G/PCCB/ATP5PF/ATP5MK/DMAC2/NDUFS2/NDUFS5/NDUFB4/FH/UQCRFS1/CLPP/ATP5F1A/NDUFB1/COX6C/SDHB/UQCR11/NDUFB2/NDUFA9/NDUFC1/ATP5ME/COX5B/COX7B/ATP5MF/UQCR10/MTARC1/NDUFA11/COX6B1/ATP5MC2/NDUFA7/COX10/NDUFA1/NDUFB3/NDUFAB1/UQCRB/ATP5F1C/ATP5MJ/COX7C/HSD17B10/NDUFB6/ATP5F1D/OGDH/NDUFB8/NDUFA10/COX7A1/NDUFS4/COX7A2/SDHA/DECR1/NDUFA4/ATP5F1B/SUCLG1/NDUFA8/DMAC1/NDUFB11/NDUFB7/NDUFB10/BCKDHA/COX5A/NDUFC2/NDUFV3/ATP5MC3/ATP5MC1/NDUFA13/ATP5MG/IDH3B/UQCRC1/FOXRED1/ATP5PO/NDUFB9/NDUFS6/NDUFV1/NDUFS7/NDUFS8/CYC1/COX8A
CC	GO:0005743	mitochondrial inner membrane	393	-0.420674312082678	-2.31586767654551	1e-10	2.38333333333333e-09	1.61013645224172e-09	287	tags=41%, list=27%, signal=47%	ATAD3A/MRPL33/MRPS26/COX6A2/MRPS15/TIMM21/ROMO1/MRPL1/MRPS5/ATP5PD/MRPS11/SAMM50/APOO/PHB2/NDUFV2/ADCK1/UQCRC2/SLC25A18/TIMM13/ATP5PB/PRODH/MRPL46/MRPL16/HADHB/IMMT/MRPS7/ETFDH/MRPL57/COA3/TMEM126A/MRPL14/MRPL15/MRPL41/ATP5F1E/CHCHD1/UQCRH/LDHB/GCAT/MRPL58/CHCHD6/ACADVL/PET100/MRPL10/MICOS10/UQCRQ/OXA1L/HADHA/COX4I1/ATP5PF/COQ10A/SLC25A4/CKMT2/ATP5MK/COQ5/MPC1/MRPS33/DMAC2/ACAD9/NDUFS2/NDUFS5/STOML2/NDUFB4/AURKAIP1/UQCRFS1/NDUFAF3/MRPL52/ATP5F1A/NDUFB1/COX6C/SDHB/UQCR11/MRPL51/SLC25A34/MRPL38/NDUFB2/CRAT/TIMM17B/NDUFA9/COQ9/UQCC2/NDUFC1/ATP5ME/COX5B/MRPL20/COX7B/ATP5MF/UQCR10/ABCB8/ALAS1/MRPS18C/NDUFA11/COX6B1/COQ6/ATP5MC2/NDUFA7/MRPS16/MRPS24/COX10/TIMM44/NDUFA1/NDUFB3/NDUFAB1/UQCRB/MRPL4/MRPS17/ATP5F1C/MRPS18A/ATP5MJ/COX7C/NDUFB6/MRPL28/ATP5F1D/NDUFB8/NDUFA10/MRPS34/COX7A1/NDUFS4/SLC25A10/COX7A2/TIMM8B/TRAP1/SDHA/NDUFA4/ATP5F1B/MRPS9/NDUFA8/DMAC1/NDUFB11/SLC25A3/NDUFB7/ENDOG/NDUFB10/MRPL37/MRPL21/COX5A/NDUFC2/MICOS13/MRPL27/NDUFV3/ATP5MC3/ATP5MC1/NDUFA13/ATP5MG/UQCRC1/ECSIT/FOXRED1/ATP5PO/MRPL2/NDUFB9/MRPL12/NDUFS6/LDHD/NDUFV1/NDUFS7/SLC25A11/NDUFS8/CYC1/UCP1/COX8A/COQ3/CYP24A1
MF	GO:0016491	oxidoreductase activity	207	-0.442762833619345	-2.27726606988541	1e-10	2.38333333333333e-09	1.61013645224172e-09	216	tags=39%, list=20%, signal=39%	ETFA/AIFM2/UQCRH/LDHB/ACADVL/BCO2/SUOX/HADHA/GRHPR/COX4I1/FXN/HADH/IDH3G/ACAD9/NDUFS2/NDUFS5/NDUFB4/ALDH1L1/UQCRFS1/GCDH/NDUFB1/SDHB/MSRB2/NDUFB2/CRAT/NDUFA9/RTN4IP1/NDUFC1/COX5B/QDPR/COX7B/UQCR10/MTARC1/COX6B1/COQ6/NDUFA7/NDUFA1/NDUFB3/PRDX5/ACAA1/ACADS/HSD17B10/NDUFB6/OGDH/NDUFB8/NDUFA10/COX7A1/NDUFS4/COX7A2/SDHA/ALKBH7/DECR1/NDUFA4/PRDX2/NDUFA8/MGST3/NDUFB7/DCXR/NDUFB10/BCKDHA/COX5A/NDUFC2/NDUFV3/TXN2/IDH3B/UQCRC1/FOXRED1/NDUFB9/NDUFS6/LDHD/PTGES2/NDUFV1/ALDH4A1/NDUFS7/NDUFS8/CYC1/COX8A/IDH2/CYP24A1/MDH2/FASN
MF	GO:0022857	transmembrane transporter activity	140	-0.460459134832879	-2.25866474246828	2.41824984176208e-09	5.18714591057967e-08	3.504340998764e-08	179	tags=39%, list=17%, signal=38%	ATP5PF/SLC25A4/MPC1/NDUFS2/NDUFS5/NDUFB4/UQCRFS1/ATP5F1A/NDUFB1/NDUFB2/TIMM17B/NDUFA9/NDUFC1/ATP5ME/COX5B/COX7B/ATP5MF/UQCR10/ABCB8/COX6B1/ATP5MC2/NDUFA7/NDUFA1/NDUFB3/ATP5F1C/NDUFB6/ATP5F1D/NDUFB8/NDUFA10/COX7A1/NDUFS4/SLC25A10/NDUFA4/ATP5F1B/NDUFA8/SLC25A3/NDUFB7/NDUFB10/COX5A/NDUFC2/NDUFV3/ATP5MC3/ATP5MC1/ATP5MG/UQCRC1/ATP5PO/NDUFB9/NDUFS6/NDUFV1/NDUFS7/SLC25A11/NDUFS8/CYC1/UCP1/COX8A
MF	GO:0140640	catalytic activity, acting on a nucleic acid	85	0.527970550934744	2.36624367650925	6.52574730956197e-09	1.27252072536458e-07	8.59691750829057e-08	316	tags=59%, list=30%, signal=45%	METTL8/WARS2/TOP1MT/RARS2/UNG/ANGEL2/THG1L/REXO2/POLQ/NSUN3/TRNT1/PIF1/RNASEH1/POLB/GATC/NSUN2/METTL15/METTL4/QTRT1/MGME1/EXD2/PDE12/TRMT5/ALKBH1/YARS2/PRIMPOL/MRM3/PNPT1/DUS2/HARS2/NSUN4/PRORP/DARS2/GARS1/POLG2/NOCT/PTRH2/TRIT1/RECQL4/APEX1/OGG1/MUTYH/MTFMT/TRMT61B/TFB2M/DHX30/KARS1/METTL5/POLG/NTHL1
BP	GO:1902600	proton transmembrane transport	55	-0.588837431521703	-2.45593286430564	3.30589646105561e-08	5.82834074709393e-07	3.93752051453776e-07	269	tags=64%, list=25%, signal=50%	ATP5PD/PHB2/SLC25A18/ATP5PB/ATP5F1E/UQCRH/COX4I1/ATP5PF/SLC25A4/UQCRFS1/ATP5F1A/ATP5ME/COX17/COX5B/COX7B/ATP5MF/UQCR10/COX6B1/ATP5MC2/ATP5F1C/ATP5F1D/COX7A1/NDUFA4/ATP5F1B/SLC25A3/COX5A/ATP5MC3/ATP5MC1/ATP5MG/UQCRC1/ATP5PO/NDUFS7/CYC1/UCP1/COX8A
CC	GO:0070069	cytochrome complex	31	-0.682637362429826	-2.46276341944867	1.00361844109719e-07	1.72220924492278e-06	1.16349309802987e-06	212	tags=65%, list=20%, signal=53%	UQCRH/UQCRQ/COX4I1/UQCRFS1/COX6C/UQCR11/COX5B/COX7B/UQCR10/COX6B1/COX10/UQCRB/COX7C/COX7A1/COX7A2/NDUFA4/COX5A/UQCRC1/CYC1/COX8A
MF	GO:0046983	protein dimerization activity	83	0.480402213415208	2.14406035450861	9.78743257732386e-07	1.59448426924251e-05	1.07720443822379e-05	282	tags=49%, list=27%, signal=39%	GLUD1/MCL1/BNIP3L/STOM/MICU1/AADAT/BCL2/GLDC/MIGA1/NUDT5/KYAT3/TRNT1/SLC25A14/BAX/ALDH3A2/SLC8B1/ABCB10/LYRM4/TIMM9/MMAA/BCL2L1/BCL2L10/QTRT1/CPOX/EXD2/CLPX/BCL2L2/PDE2A/YARS2/DNM1L/SLC25A27/MFF/DARS2/GARS1/IDE/ISCU/PNPO/MTHFD1L/GRPEL2/BCL2A1/ACOT7
BP	GO:0044281	small molecule metabolic process	394	-0.309983738598198	-1.707444563424	1.7710854853988e-06	2.84923377463533e-05	1.92489027755186e-05	248	tags=32%, list=23%, signal=39%	MECR/PDHA1/ACADM/ATP5PB/PRODH/PHYH/HADHB/GOT2/ETFDH/AGXT/ACACB/SIRT5/ATP5F1E/ETFA/AIFM2/CS/GPT2/FIS1/LDHB/ACAA2/GCAT/ACADVL/BCO2/HADHA/GRHPR/HADH/ACSM2B/IDH3G/PCCB/ACOT2/ATP5PF/COQ10A/ATP5MK/COQ5/PC/ACAD9/NDUFS2/NDUFS5/STOML2/NDUFB4/FH/ALDH1L1/TST/GCDH/ACO2/ATP5F1A/NDUFB1/ECHS1/SDHB/ACSS1/ACOT11/NDUFB2/CRAT/NDUFA9/COQ9/NDUFC1/ATP5ME/QDPR/MLYCD/ATP5MF/MTARC1/NDUFA11/COQ6/ATP5MC2/NDUFA7/DBI/NDUFA1/NDUFB3/NDUFAB1/NAXE/ATP5F1C/ATP5MJ/CPT1B/ACAA1/ACADS/HSD17B10/NDUFB6/MACROD1/ATP5F1D/OGDH/NDUFB8/NDUFA10/NT5M/ECI2/NDUFS4/SLC25A10/BCAT2/SDHA/ALKBH7/DECR1/ATP5F1B/SUCLG1/NDUFA8/NDUFB11/MGST3/NDUFB7/DCXR/NDUFB10/BCKDHA/NDUFC2/NDUFV3/ATP5MC3/ATP5MC1/NDUFA13/ATP5MG/IDH3B/ACAT1/ATP5PO/NDUFB9/NDUFS6/LDHD/PTGES2/ECI1/ETFB/NDUFV1/ALDH4A1/NDUFS7/SLC25A11/NDUFS8/IDH2/COQ3/CYP24A1/MDH2/HMGCS2/GPAM/FASN
MF	GO:0140098	catalytic activity, acting on RNA	71	0.498756901096229	2.16462968625865	2.59912481875534e-06	3.98223052587872e-05	2.69032218081693e-05	295	tags=54%, list=28%, signal=41%	METTL8/WARS2/RARS2/ANGEL2/THG1L/REXO2/NSUN3/TRNT1/PIF1/RNASEH1/GATC/NSUN2/METTL15/METTL4/QTRT1/EXD2/PDE12/TRMT5/ALKBH1/YARS2/PRIMPOL/MRM3/PNPT1/DUS2/HARS2/NSUN4/PRORP/DARS2/GARS1/NOCT/PTRH2/TRIT1/APEX1/MTFMT/TRMT61B/TFB2M/DHX30/KARS1
CC	GO:0016469	proton-transporting two-sector ATPase complex	19	-0.732672675977018	-2.35912429378748	3.06239415587917e-06	4.5302313547316e-05	3.06054152783569e-05	269	tags=89%, list=25%, signal=68%	ATP5PD/ATP5PB/ATP5F1E/ATP5PF/ATP5MK/ATP5F1A/ATP5ME/ATP5MF/ATP5MC2/ATP5F1C/ATP5MJ/ATP5F1D/ATP5F1B/ATP5MC3/ATP5MC1/ATP5MG/ATP5PO
BP	GO:0008630	intrinsic apoptotic signaling pathway in response to DNA damage	16	0.761302635115545	2.36431275606436	4.43245932681245e-06	6.48247176546321e-05	4.3794394784056e-05	167	tags=62%, list=16%, signal=53%	MCL1/BCL2/BCL2L11/BAX/POLB/BID/HTRA2/BCL2L1/BCL2L10/BCL2L2
BP	GO:0051402	neuron apoptotic process	28	0.655917170019802	2.28553179950662	5.11282724237961e-06	7.39349287746355e-05	4.99490869568961e-05	212	tags=54%, list=20%, signal=44%	CASP8/MCL1/OXR1/BCL2/BCL2L11/GPX1/CASP3/BAX/POLB/BID/HTRA2/BCL2L1/ALKBH1/SLC25A27/DIABLO
BP	GO:0051641	cellular localization	134	0.398680758898079	1.92327699383293	5.87234378048849e-06	8.39745160609854e-05	5.67316486863566e-05	240	tags=34%, list=23%, signal=30%	GLUD1/MCL1/BNIP3L/GOLPH3/STOM/AKAP10/TOMM34/BCL2/MARCHF5/AHCYL1/SCP2/SPIRE1/COMT/BAX/BID/RHOT1/HTRA2/IMMP2L/ARMCX3/SLC8B1/MGARP/NSUN2/TIMM9/SNAP29/BCL2L1/KMO/SERAC1/TIMM10B/TOMM20/HTATIP2/SYNJ2BP/MTX3/TOMM70/RAB24/STX17/MCU/VPS13D/PREPL/DNM1L/SLC25A46/MFF/DNLZ/ARF5/FKBP8/ISCU/MTERF4
CC	GO:0005829	cytosol	259	0.328307372597796	1.71731286259586	7.17460752160953e-06	9.92873105409835e-05	6.7076692844929e-05	244	tags=35%, list=23%, signal=35%	CASP8/MCL1/GLS/GOLPH3/NBR1/AKAP10/FBXL4/MSRB3/TOMM34/BCL2/PANK2/HSCB/RFK/THG1L/BCL2L11/NUDT5/OSBPL1A/GPX1/CASP3/POLQ/AHCYL1/TRNT1/USP30/SCP2/SPIRE1/PISD/COMT/PRDX4/BAX/BID/HTRA2/CEP89/ALDH3A2/NLN/ARMCX3/COX19/NIT2/LYRM4/METTL4/SNAP29/MMAA/BCL2L1/PLPBP/RPIA/KMO/NT5DC3/BCL2L10/PMAIP1/CDK5RAP1/CPOX/NUDT19/HTATIP2/CRYZ/PDE12/ECHDC1/RAB24/CLPX/BCL2L2/MTO1/PDE2A/STX17/NME3/YARS2/CROT/MPV17/ALDH9A1/PNPT1/DUS2/PREPL/DNM1L/DGUOK/HARS2/GUK1/DIABLO/MOCS1/MTERF3/PAICS/LACTB/GARS1/TFAM/IDE/FKBP8/CBR3/THEM4/ISCU/MTERF4/GFER/PTRH2/SEPTIN4/MTFR1
BP	GO:0080135	regulation of cellular response to stress	32	0.602858556798924	2.19881336554519	1.26404533262114e-05	0.000171244878219305	0.000115689910775076	162	tags=44%, list=15%, signal=38%	NBR1/OXR1/MICU1/BCL2/BCL2L11/POLQ/SLC25A14/SPIRE1/BAX/BID/EFHD1/BCL2L1/PMAIP1/PNPLA8
CC	GO:0005783	endoplasmic reticulum	61	0.484546600935837	2.05745897656704	1.7996771004654e-05	0.000236345349826426	0.000159670599890916	196	tags=44%, list=19%, signal=38%	GLUD1/BNIP3L/STOM/MSRB3/BCL2/FKBP10/MARCHF5/SPTLC2/OSBPL1A/AHCYL1/SCP2/PRDX4/BAX/HTRA2/CPT1C/ALDH3A2/BCL2L1/BCL2L10/AGPAT4/SERAC1/PNPLA8/PDE2A/STX17/ALKBH1/PNPT1/DUS2/DNM1L
BP	GO:0090304	nucleic acid metabolic process	158	0.367851027556514	1.8211888673313	1.9178761186137e-05	0.000246830656465584	0.000166754281471044	328	tags=47%, list=31%, signal=39%	METTL8/WARS2/TOP1MT/RARS2/UNG/ANGEL2/THG1L/REXO2/POLQ/NSUN3/AHCYL1/TRNT1/PIF1/TK2/SPIRE1/RNASEH1/BAX/POLB/GATC/ARMCX3/NSUN2/METTL15/METTL4/DUT/QTRT1/CDK5RAP1/RBFA/MGME1/EXD2/HTATIP2/PDE12/MTO1/PDE2A/NME3/TRMT5/ALKBH1/YARS2/PRIMPOL/GRSF1/MRM3/MPV17/PNPT1/DUS2/HARS2/CRY1/MTERF3/NSUN4/PRORP/DARS2/GARS1/TFAM/POLG2/NOCT/MTERF4/GFER/TRIT1/RECQL4/APEX1/MTERF1/OGG1/MUTYH/MTFMT/TRMT61B/YRDC/TFB2M/KARS1/DHRS7B/METTL5/FASTKD3/GPAT2/POLG/NTHL1/SLC30A9/PTCD1/SUPV3L1
MF	GO:0042802	identical protein binding	158	0.364956613683447	1.80685895133761	2.25708746369998e-05	0.000287611046117018	0.000194304767588972	243	tags=36%, list=23%, signal=33%	CASP8/GLUD1/MCL1/BNIP3L/OAT/STOM/SLC25A13/MICU1/AADAT/BCL2/HSCB/GLDC/MIGA1/ACADL/THG1L/NUDT5/KYAT3/AHCYL1/TRNT1/SLC25A14/PRDX4/BAX/HTRA2/ACCS/ALDH3A2/SLC8B1/ABCB10/LYRM4/TIMM9/MMAA/DUT/BCL2L1/RPIA/BCL2L10/QTRT1/CPOX/EXD2/CRYZ/BCL2L2/PDE2A/YARS2/MRM3/PNPT1/ALDH18A1/DNM1L/HARS2/SLC25A27/MFF/PAICS/LACTB/DARS2/GARS1/POLG2/IDE/FKBP8/ISCU/SEPTIN4
BP	GO:0023052	signaling	144	0.375701773493968	1.82982771426368	2.61109822344505e-05	0.000329459158193508	0.000222576587468072	245	tags=35%, list=23%, signal=31%	PDK3/CASP8/GLUD1/MCL1/BNIP3L/GLS/GOLPH3/NBR1/AKAP10/BCL2/BCL2L11/GPX1/CASP3/AHCYL1/COMT/PRDX4/BAX/POLB/BID/RHOT1/HTRA2/CEP89/NLN/SLC8B1/NSUN2/SNAP29/BCL2L1/CYP27B1/KMO/BCL2L10/OCIAD1/PMAIP1/SYNJ2BP/PNPLA8/BCL2L2/PDE2A/COA8/MCU/PREPL/DNM1L/CRY1/BBC3/MFF/DIABLO/IDE/FKBP8/THEM4/GFER/SEPTIN4/SLC25A6
BP	GO:0016192	vesicle-mediated transport	21	0.677404678655792	2.23796902708645	3.82797906666753e-05	0.000463161904084546	0.000312903719604004	243	tags=62%, list=23%, signal=49%	GOLPH3/LETMD1/OSBPL1A/SPIRE1/SNAP29/BCL2L1/OCIAD1/SYNJ2BP/STX17/PREPL/DNM1L/ARF5/SEPTIN4
BP	GO:0033554	cellular response to stress	120	0.394411545792249	1.86774195022013	4.06132085003912e-05	0.000483974067962996	0.000326964037244865	209	tags=33%, list=20%, signal=30%	PDK3/MCL1/BNIP3L/NBR1/OXR1/MICU1/BCL2/UNG/THG1L/BCL2L11/GPX1/CASP3/POLQ/SLC25A14/PIF1/SPIRE1/COMT/PRDX4/BAX/POLB/BID/HTRA2/IMMP2L/EFHD1/MGARP/ABCB10/BCL2L1/BCL2L10/PMAIP1/MGME1/EXD2/PNPLA8/BCL2L2/NME3/ALKBH1/PRIMPOL/MPV17/PNPT1/CRY1/BBC3
BP	GO:0006123	mitochondrial electron transport, cytochrome c to oxygen	18	-0.703237679227169	-2.21066565010245	5.68321692444621e-05	0.000664936380160207	0.000449218868860533	187	tags=61%, list=18%, signal=51%	COX4I1/COX6C/COX5B/COX7B/COX6B1/COX7C/COX7A1/COX7A2/NDUFA4/COX5A/COX8A
BP	GO:0034660	ncRNA metabolic process	67	0.474814956096533	2.04780743778492	5.83348516121617e-05	0.000676368955178848	0.000456942507649555	356	tags=60%, list=34%, signal=42%	METTL8/WARS2/RARS2/THG1L/NSUN3/TRNT1/GATC/NSUN2/METTL15/METTL4/QTRT1/CDK5RAP1/RBFA/MTO1/TRMT5/ALKBH1/YARS2/GRSF1/MRM3/PNPT1/DUS2/HARS2/NSUN4/PRORP/DARS2/GARS1/MTERF4/TRIT1/MTFMT/TRMT61B/YRDC/TFB2M/KARS1/METTL5/GPAT2/PTCD1/SUPV3L1/PUSL1/IARS2/TRMT1
CC	GO:0005751	mitochondrial respiratory chain complex IV	18	-0.702466014274107	-2.20823987961899	5.89971400139151e-05	0.000677940349981327	0.00045800411326592	187	tags=78%, list=18%, signal=65%	COX6A2/UQCRC2/COX4I1/UQCRFS1/COX6C/COX5B/COX7B/COX6B1/COX7C/COX7A1/COX7A2/NDUFA4/COX5A/COX8A
BP	GO:1901566	organonitrogen compound biosynthetic process	320	-0.296710967334948	-1.61292485164425	6.84724139195203e-05	0.000773017515038795	0.000522236508749066	289	tags=37%, list=27%, signal=38%	ABAT/ACSL6/MRPL33/DLD/MRPS26/MRPS15/RPUSD3/MRPL1/MRPS5/C1QBP/ACLY/ATP5PD/MRPS11/NDUFV2/NFS1/PDHA1/ACADM/ATP5PB/TRUB2/MRPL46/MRPL16/GOT2/MRPS7/AGXT/MRPL57/ACACB/COA3/MRPL14/MRPL15/MRPL41/ATP5F1E/CHCHD1/MRPL58/GATB/MRPL10/TSFM/MALSU1/FXN/ATP5PF/CKMT2/ATP5MK/MRPS33/NDUFS2/NDUFS5/STOML2/NDUFB4/AURKAIP1/MRPL52/GCDH/ATP5F1A/NDUFB1/SDHB/ACSS1/MRPL51/MRPL38/NDUFB2/NDUFA9/UQCC2/NDUFC1/ATP5ME/QDPR/MLYCD/MRPL20/ATP5MF/ALAS1/MRPS18C/NDUFA11/ATP5MC2/NDUFA7/MRPS16/MRPS24/COX10/DBI/NDUFA1/NDUFB3/NDUFAB1/MRPL4/MRPS17/ATP5F1C/MRPS18A/ATP5MJ/NDUFB6/MRPL28/ATP5F1D/NDUFB8/NDUFA10/MRPS34/NDUFS4/TRAP1/BCAT2/SDHA/ATP5F1B/MRPS9/NDUFA8/NDUFB11/NDUFB7/NDUFB10/MRPL37/MRPL21/NDUFC2/MRPL27/NDUFV3/ATP5MC3/ATP5MC1/NDUFA13/ATP5MG/ACAT1/ATP5PO/TUFM/MRPL2/NDUFB9/MRPL12/NDUFS6/TACO1/NDUFV1/NDUFS7/NDUFS8
CC	GO:0012505	endomembrane system	107	0.397687088726297	1.86059773650091	7.21865140056065e-05	0.000807861248045353	0.000545776298111039	196	tags=36%, list=19%, signal=33%	GLUD1/BNIP3L/GOLPH3/NBR1/STOM/MSRB3/BCL2/FKBP10/MARCHF5/SPTLC2/BCL2L11/OSBPL1A/POLQ/AHCYL1/SCP2/PISD/PRDX4/BAX/HTRA2/CPT1C/NUDT9/ALDH3A2/NIT2/SNAP29/BCL2L1/BCL2L10/OCIAD1/AGPAT4/SERAC1/HTATIP2/PNPLA8/RAB24/PDE2A/STX17/ALKBH1/PNPT1/DUS2/PREPL/DNM1L
BP	GO:0043523	regulation of neuron apoptotic process	22	0.65234359308506	2.18236715883259	7.78000900322429e-05	0.000848548439588955	0.000573263821290211	203	tags=50%, list=19%, signal=41%	CASP8/MCL1/OXR1/BCL2/BCL2L11/CASP3/BAX/HTRA2/BCL2L1/ALKBH1/SLC25A27
BP	GO:0008406	gonad development	12	0.773815217335705	2.17283519048321	7.73940167072381e-05	0.000848548439588955	0.000573263821290211	167	tags=67%, list=16%, signal=57%	BCL2/BCL2L11/CASP3/PRDX4/BAX/IMMP2L/BCL2L1/BCL2L2
MF	GO:0003735	structural constituent of ribosome	63	-0.457027441436883	-1.94734085987946	9.05278839035648e-05	0.000979070475494856	0.000661442123877439	286	tags=51%, list=27%, signal=39%	MRPL33/MRPS15/MRPL1/MRPS5/MRPS11/MRPL46/MRPL16/MRPS7/MRPL57/MRPL14/MRPL15/MRPL41/MRPL10/MRPS33/MRPL52/MRPL51/MRPL20/MRPS18C/NDUFA7/MRPS16/MRPS24/MRPL4/MRPS17/MRPS18A/MRPL28/MRPS34/MRPS9/MRPL37/MRPL21/MRPL27/MRPL2/MRPL12
BP	GO:0009653	anatomical structure morphogenesis	50	0.486843368214603	1.97720940405581	0.00010325047439619	0.00108035252477965	0.000729866425770245	211	tags=40%, list=20%, signal=34%	CASP8/WARS2/BCL2/PANK2/FKBP10/MARCHF5/BCL2L11/GPX1/CASP3/SPIRE1/COMT/BAX/POLB/HTATIP2/SYNJ2BP/GRSF1/MCU/DNM1L/SLC25A46/MFF
BP	GO:0006399	tRNA metabolic process	51	0.483870299246166	1.97760408105275	0.000106825065727796	0.00110874080315865	0.000749045027938533	295	tags=51%, list=28%, signal=39%	METTL8/WARS2/RARS2/THG1L/NSUN3/TRNT1/GATC/NSUN2/QTRT1/CDK5RAP1/MTO1/TRMT5/ALKBH1/YARS2/GRSF1/PNPT1/DUS2/HARS2/PRORP/DARS2/GARS1/TRIT1/MTFMT/TRMT61B/YRDC/KARS1
MF	GO:0015252	proton channel activity	12	-0.755258126195029	-2.07532235017825	0.000131225176015938	0.00134037144073422	0.000905530454378986	269	tags=100%, list=25%, signal=75%	ATP5PB/ATP5F1E/ATP5PF/ATP5F1A/ATP5ME/ATP5MF/ATP5F1C/ATP5F1D/ATP5F1B/ATP5MG/ATP5PO
BP	GO:0033036	macromolecule localization	143	0.357927688834525	1.74508945192259	0.000133806616832626	0.00135597729026449	0.000916073481174878	224	tags=34%, list=21%, signal=31%	GLUD1/MCL1/BNIP3L/GOLPH3/STOM/AKAP10/TOMM34/BCL2/MARCHF5/OSBPL1A/AHCYL1/SCP2/SPIRE1/PISD/COMT/BAX/BID/HTRA2/IMMP2L/ARMCX3/SLC8B1/MGARP/NSUN2/TIMM9/PRELID3A/SNAP29/BCL2L1/SERAC1/TIMM10B/ABCA9/TOMM20/SYNJ2BP/MTX3/PNPLA8/TOMM70/RAB24/STX17/MCU/VPS13D/CROT/PNPT1/PREPL/DNM1L/CRY1/MFF/PRELID3B/DNLZ/ARF5
BP	GO:0071214	cellular response to abiotic stimulus	16	0.692033443155094	2.14918932603773	0.000152137076497239	0.00150615705732267	0.00101753218774672	202	tags=50%, list=19%, signal=41%	CASP8/MICU1/CASP3/BAX/EFHD1/BCL2L1/PDE2A/CRY1
BP	GO:0002262	myeloid cell homeostasis	16	0.690610392148936	2.1447698777248	0.000161152446687346	0.00155942254801966	0.00105351738000592	110	tags=50%, list=10%, signal=45%	FAM210B/ALAS2/HSCB/SLC25A38/BCL2L11/CASP3/BAX/ABCB10
BP	GO:0006974	DNA damage response	47	0.505914117755963	2.02905652390961	0.000168348331874853	0.00161689778449952	0.00109234659959645	259	tags=57%, list=24%, signal=45%	MCL1/BCL2/UNG/BCL2L11/CASP3/POLQ/PIF1/SPIRE1/BAX/POLB/BID/HTRA2/IMMP2L/BCL2L1/BCL2L10/PMAIP1/MGME1/EXD2/BCL2L2/NME3/ALKBH1/PRIMPOL/CRY1/RECQL4/APEX1/OGG1/MUTYH
BP	GO:0051128	regulation of cellular component organization	82	0.410750844087421	1.83702875549812	0.000179541576981431	0.00171162970055631	0.00115634575116306	211	tags=37%, list=20%, signal=32%	BNIP3L/GOLPH3/BCL2/LETMD1/MARCHF5/BCL2L11/GPX1/USP30/PIF1/SPIRE1/PISD/BAX/BID/RHOT1/HTRA2/MGARP/DUT/BCL2L1/CYP27B1/PMAIP1/SYNJ2BP/TOMM70/BCL2L2/PDE2A/MCU/VPS13D/DNM1L/DGUOK/BBC3/MFF
BP	GO:0010647	positive regulation of cell communication	41	0.519869588489415	2.02477867504195	0.000183266060490949	0.00172163080183833	0.0011631023124512	243	tags=44%, list=23%, signal=35%	CASP8/GLUD1/MCL1/GOLPH3/BCL2L11/GPX1/BAX/BID/HTRA2/CYP27B1/KMO/OCIAD1/PMAIP1/MCU/DNM1L/BBC3/FKBP8/SEPTIN4
BP	GO:0044271	cellular nitrogen compound biosynthetic process	344	-0.277182040537076	-1.50647648572146	0.000208973714603226	0.00193488612010325	0.0013071737089153	246	tags=30%, list=23%, signal=34%	PDHA1/ACADM/ATP5PB/TRUB2/MRPL46/MRPL16/MRPS7/MRPL57/ACACB/COA3/MRPL14/MRPL15/MRPL41/ATP5F1E/CHCHD1/POLDIP2/MRPL58/GATB/MRPL10/TSFM/MALSU1/FXN/ATP5PF/ATP5MK/MRPS33/NDUFS2/NDUFS5/STOML2/NDUFB4/AURKAIP1/MRPL52/GCDH/ATP5F1A/NDUFB1/SDHB/ACSS1/MRPL51/MRPL38/NDUFB2/NDUFA9/UQCC2/NDUFC1/ATP5ME/QDPR/MLYCD/MRPL20/ATP5MF/MTARC1/ALAS1/MRPS18C/NDUFA11/ATP5MC2/NDUFA7/MRPS16/MRPS24/COX10/NDUFA1/NDUFB3/NDUFAB1/MRPL4/MRPS17/ATP5F1C/MRPS18A/ATP5MJ/PRDX5/NDUFB6/MRPL28/ATP5F1D/NDUFB8/NDUFA10/MRPS34/NDUFS4/TRAP1/SDHA/ATP5F1B/MRPS9/NDUFA8/NDUFB11/NDUFB7/NDUFB10/MRPL37/MRPL21/NDUFC2/MRPL27/NDUFV3/ATP5MC3/ATP5MC1/NDUFA13/ATP5MG/ACAT1/ATP5PO/TUFM/MRPL2/NDUFB9/MRPL12/NDUFS6/TACO1/PTGES2/NDUFV1/NDUFS7/NDUFS8/UCP1
BP	GO:0050789	regulation of biological process	346	0.287149104277957	1.55151516134095	0.000241218396389529	0.00221748625823803	0.00149809319862971	259	tags=31%, list=24%, signal=35%	PDK3/CASP8/GLUD1/MCL1/BNIP3L/GLS/FAM210B/METTL8/GOLPH3/NBR1/STOM/WARS2/AKAP10/OXR1/MICU1/BCL2/LETMD1/PANK2/UNG/ANGEL2/ACADL/YME1L1/MARCHF5/SPTLC2/BCL2L11/GPX1/CASP3/POLQ/NSUN3/AHCYL1/SLC25A14/USP30/PIF1/SCP2/SPIRE1/PISD/COMT/PRDX4/BAX/POLB/BID/RHOT1/HTRA2/CEP89/NLN/ARMCX3/SLC8B1/EFHD1/MGARP/ABCB10/NSUN2/SLC25A44/METTL4/SNAP29/DUT/BCL2L1/CYP27B1/KMO/GLS2/BCL2L10/OCIAD1/PMAIP1/CDK5RAP1/HTATIP2/SYNJ2BP/PDE12/RMND1/PNPLA8/TOMM70/BCL2L2/PDE2A/COA8/ALKBH1/GRSF1/MCU/VPS13D/NGRN/MPV17/PNPT1/ADCK2/PREPL/DNM1L/DGUOK/CRY1/SLC25A27/BBC3/MFF/DIABLO/GATM/MTERF3/LACTB/TFAM/POLG2/NOCT/IDE/FKBP8/THEM4/ISCU/MTERF4/GFER/PTRH2/SEPTIN4/SLC25A6/ATPSCKMT/APEX1/MTERF1/OGG1/MUTYH
BP	GO:0080134	regulation of response to stress	53	0.477684462988209	1.97556770955613	0.000255437569069648	0.00233154717299743	0.00157515066854445	170	tags=36%, list=16%, signal=32%	CASP8/NBR1/OXR1/MICU1/BCL2/LETMD1/BCL2L11/GPX1/POLQ/SLC25A14/SPIRE1/BAX/BID/EFHD1/BCL2L1/PMAIP1/PNPLA8/TOMM70/PDE2A
BP	GO:0002376	immune system process	64	0.445103921370125	1.90385645525028	0.000271160925559617	0.00244044833003655	0.00164872230042137	241	tags=45%, list=23%, signal=37%	CASP8/FAM210B/GOLPH3/ALAS2/BCL2/UNG/HSCB/SLC25A38/BCL2L11/GPX1/CASP3/POLQ/SPIRE1/BAX/POLB/BID/SLC8B1/ABCB10/CYP27B1/PMAIP1/PDE12/TOMM70/MCU/DUS2/DNM1L/CYP11B1/IDE/SFXN1/GFER
CC	GO:0097136	Bcl-2 family protein complex	10	0.797300412181216	2.13265958850047	0.000277285710325851	0.00247824103603729	0.00167425436205521	167	tags=70%, list=16%, signal=60%	MCL1/BCL2/BCL2L11/BAX/BCL2L1/PMAIP1/BCL2L2
MF	GO:0019904	protein domain specific binding	19	0.654090526029291	2.1262014128853	0.000281916786907493	0.00250225451551685	0.00169047743002243	170	tags=47%, list=16%, signal=40%	CASP8/MCL1/BCL2/GPX1/BAX/BCL2L1/MRPS31/BCL2L2/PDE2A
BP	GO:0001944	vasculature development	15	0.696763578586816	2.11205728625395	0.000325870944256777	0.00287257469355117	0.00194065897589111	170	tags=73%, list=16%, signal=62%	CASP8/WARS2/PANK2/FKBP10/GPX1/COMT/BAX/IMMP2L/HTATIP2/SYNJ2BP/PDE2A
MF	GO:0140101	catalytic activity, acting on a tRNA	43	0.516988366500901	2.0356841857552	0.000332407354314895	0.00289059638515723	0.00195283410145166	295	tags=53%, list=28%, signal=40%	METTL8/WARS2/RARS2/THG1L/NSUN3/TRNT1/GATC/NSUN2/QTRT1/TRMT5/ALKBH1/YARS2/DUS2/HARS2/NSUN4/PRORP/DARS2/GARS1/PTRH2/TRIT1/MTFMT/TRMT61B/KARS1
BP	GO:0003006	developmental process involved in reproduction	32	0.54089646029708	1.97281825540047	0.0003387727280778	0.00292617785930288	0.00197687229524735	167	tags=41%, list=16%, signal=35%	CASP8/BCL2/PANK2/BCL2L11/CASP3/PRDX4/BAX/IMMP2L/NSUN2/BCL2L1/CYP27B1/BCL2L10/BCL2L2
BP	GO:0035556	intracellular signal transduction	76	0.419862202071892	1.84618635589746	0.00034933533138975	0.00299729714332405	0.00202491918405567	243	tags=41%, list=23%, signal=34%	CASP8/MCL1/GOLPH3/NBR1/BCL2/BCL2L11/GPX1/CASP3/PRDX4/BAX/POLB/BID/RHOT1/HTRA2/NSUN2/BCL2L1/BCL2L10/PMAIP1/SYNJ2BP/PNPLA8/BCL2L2/PDE2A/COA8/MCU/DNM1L/CRY1/BBC3/DIABLO/FKBP8/THEM4/SEPTIN4
BP	GO:0006396	RNA processing	62	0.433920892527151	1.85509063131581	0.000370675737989699	0.00315933559465393	0.00213438940104212	426	tags=71%, list=40%, signal=45%	METTL8/THG1L/NSUN3/AHCYL1/TRNT1/NSUN2/METTL15/METTL4/QTRT1/CDK5RAP1/RBFA/PDE12/MTO1/TRMT5/ALKBH1/GRSF1/MRM3/PNPT1/DUS2/NSUN4/PRORP/MTERF4/TRIT1/MTFMT/TRMT61B/YRDC/TFB2M/KARS1/METTL5/FASTKD3/GPAT2/PTCD1/SUPV3L1/PUSL1/TRMT1/PUS1/ELAC2/MTPAP/RPUSD4/TRMT2B/FASTKD5/GTPBP3/PTCD2/MRM2
BP	GO:0006099	tricarboxylic acid cycle	25	-0.586940949533274	-2.013348931406	0.000393060185184794	0.00332808196271598	0.0022483913640072	294	tags=76%, list=28%, signal=56%	PDHB/SDHC/DLST/NNT/DLAT/OGDHL/ACLY/PDHA1/CS/IDH3G/FH/ACO2/SDHB/OGDH/SDHA/SUCLG1/IDH3B/IDH2/MDH2
BP	GO:0033043	regulation of organelle organization	61	0.438414418457355	1.86157467407545	0.000397051175357703	0.00333990106330303	0.00225637613240772	211	tags=38%, list=20%, signal=32%	BNIP3L/GOLPH3/MARCHF5/BCL2L11/GPX1/USP30/PIF1/SPIRE1/PISD/BAX/BID/RHOT1/HTRA2/MGARP/BCL2L1/PMAIP1/BCL2L2/PDE2A/MCU/VPS13D/DNM1L/BBC3/MFF
BP	GO:0006122	mitochondrial electron transport, ubiquinol to cytochrome c	11	-0.753271726231744	-2.02712833462941	0.000408865716530207	0.00338172137896489	0.00228462917353699	254	tags=82%, list=24%, signal=63%	UQCRC2/UQCRH/UQCRQ/UQCRFS1/UQCR11/UQCR10/UQCRB/UQCRC1/CYC1
BP	GO:0034470	ncRNA processing	46	0.490752862649842	1.95259485083332	0.000406934928202911	0.00338172137896489	0.00228462917353699	400	tags=74%, list=38%, signal=48%	METTL8/THG1L/NSUN3/TRNT1/NSUN2/METTL15/QTRT1/CDK5RAP1/RBFA/MTO1/TRMT5/ALKBH1/GRSF1/MRM3/PNPT1/DUS2/NSUN4/PRORP/MTERF4/TRIT1/MTFMT/TRMT61B/YRDC/TFB2M/KARS1/METTL5/GPAT2/PTCD1/PUSL1/TRMT1/PUS1/ELAC2/RPUSD4/TRMT2B
MF	GO:0016407	acetyltransferase activity	12	-0.725186030929116	-1.99268928837135	0.000432186236129051	0.00352040307530436	0.00237831999362156	236	tags=67%, list=22%, signal=52%	HADHB/ACAA2/GCAT/HADHA/CRAT/ACAA1/ACAT1/FASN
MF	GO:0140097	catalytic activity, acting on DNA	25	0.58877480294733	2.03177913264156	0.00047844966866703	0.00382462561226378	0.00258384718090204	328	tags=80%, list=31%, signal=57%	TOP1MT/UNG/REXO2/POLQ/PIF1/POLB/METTL4/MGME1/EXD2/ALKBH1/PRIMPOL/POLG2/RECQL4/APEX1/OGG1/MUTYH/DHX30/POLG/NTHL1/SUPV3L1
BP	GO:0051716	cellular response to stimulus	229	0.309511812612894	1.60253688440461	0.000507316640966954	0.00403034886990413	0.00272283005483238	264	tags=34%, list=25%, signal=33%	PDK3/CASP8/MCL1/BNIP3L/FAM210B/GOLPH3/NBR1/AKAP10/OXR1/MICU1/BCL2/UNG/GLDC/THG1L/BCL2L11/GPX1/CASP3/POLQ/AHCYL1/SLC25A14/PIF1/SPIRE1/COMT/PRDX4/BAX/POLB/BID/RHOT1/HTRA2/IMMP2L/NLN/ACSM1/SLC8B1/CYB5B/EFHD1/MGARP/ABCB10/NSUN2/BCL2L1/CYP27B1/KMO/BCL2L10/OCIAD1/PMAIP1/MGME1/EXD2/SYNJ2BP/CRYZ/PDE12/PNPLA8/BCL2L2/PDE2A/COA8/NME3/ALKBH1/PRIMPOL/MCU/MPV17/PNPT1/DNM1L/CRY1/GUK1/CYP11B1/BBC3/MFF/DIABLO/IDE/FKBP8/CBR3/THEM4/GFER/SEPTIN4/SLC25A6/RECQL4/APEX1/OGG1/MUTYH/ARG2/CMPK2
BP	GO:0060341	regulation of cellular localization	39	0.512408835382524	1.96410382652276	0.000534189717818202	0.00420133208493308	0.00283834319073711	211	tags=38%, list=20%, signal=32%	GLUD1/BNIP3L/GOLPH3/STOM/BCL2/SCP2/BAX/HTRA2/SLC8B1/NSUN2/BCL2L1/TOMM70/MCU/DNM1L/MFF
CC	GO:0098588	bounding membrane of organelle	152	0.339243649278706	1.66619986279664	0.000535367880286732	0.00420133208493308	0.00283834319073711	174	tags=30%, list=16%, signal=29%	CASP8/MCL1/BNIP3L/FAM210B/GOLPH3/NBR1/STOM/TOMM34/BCL2/LETMD1/MIGA1/MARCHF5/THG1L/BCL2L11/USP30/SPIRE1/BAX/BID/RHOT1/ALDH3A2/ARMCX3/CYB5B/MGARP/SNAP29/BCL2L1/RMDN3/CYP27B1/KMO/BCL2L10/PMAIP1/QTRT1/ARMCX6/AGPAT4/EXD2/TOMM20/SYNJ2BP/MTX3/PNPLA8/TOMM70/RAB24/BCL2L2/ARMCX2/PDE2A/STX17/NME3
BP	GO:0008625	extrinsic apoptotic signaling pathway via death domain receptors	11	0.757928177803046	2.07108009182817	0.000543037580639208	0.00423569312898582	0.00286155688426147	136	tags=64%, list=13%, signal=56%	CASP8/BCL2/GPX1/BAX/BID/BCL2L1/PMAIP1
BP	GO:0097191	extrinsic apoptotic signaling pathway	21	0.617203036062194	2.03907844402826	0.00056655743768284	0.00434279841233629	0.00293391525668816	167	tags=57%, list=16%, signal=49%	CASP8/MCL1/BCL2/BCL2L11/GPX1/BAX/BID/HTRA2/BCL2L1/BCL2L10/PMAIP1/BCL2L2
CC	GO:0033177	proton-transporting two-sector ATPase complex, proton-transporting domain	11	-0.745713871231507	-2.00678940315691	0.00056689210044483	0.00434279841233629	0.00293391525668816	269	tags=91%, list=25%, signal=69%	ATP5PD/ATP5PB/ATP5PF/ATP5ME/ATP5MF/ATP5MC2/ATP5MC3/ATP5MC1/ATP5MG/ATP5PO
BP	GO:0065003	protein-containing complex assembly	152	-0.335770735720337	-1.66253467985318	0.000672773009505895	0.00503406315833771	0.00340092108844473	170	tags=29%, list=16%, signal=28%	DMAC2/ACAD9/NDUFS2/NDUFS5/STOML2/NDUFB4/UQCRFS1/NDUFAF3/NDUFB1/MSRB2/NDUFB2/NDUFA9/UQCC2/NDUFC1/COX17/MRPL20/NDUFA11/COX10/NDUFA1/NDUFB3/NDUFAB1/COX14/HSD17B10/NDUFB6/FMC1/ATP5F1D/NDUFB8/NDUFA10/COX7A1/NDUFS4/COX7A2/NDUFA8/DMAC1/NDUFB11/NDUFB7/NDUFB10/NDUFC2/NDUFA13/ECSIT/FOXRED1/NDUFB9/TACO1/NDUFS7/NDUFS8
BP	GO:0035239	tube morphogenesis	18	0.646902010541697	2.07404827282898	0.000684696357288768	0.00506297665135052	0.00342045451602301	155	tags=61%, list=15%, signal=53%	CASP8/WARS2/BCL2/PANK2/FKBP10/BCL2L11/GPX1/CASP3/BAX/HTATIP2/SYNJ2BP
BP	GO:0042113	B cell activation	10	0.775055956696826	2.07315899053894	0.000688438938606326	0.00506297665135052	0.00342045451602301	82	tags=50%, list=8%, signal=47%	CASP8/BCL2/UNG/CASP3/BAX
MF	GO:0022853	active monoatomic ion transmembrane transporter activity	24	-0.576859551165721	-1.94969711291352	0.000681550852124192	0.00506297665135052	0.00342045451602301	212	tags=58%, list=20%, signal=48%	UQCRH/COX4I1/UQCRFS1/COX5B/COX7B/UQCR10/COX6B1/COX7A1/ATP5F1B/SLC25A3/COX5A/UQCRC1/CYC1/COX8A
MF	GO:0046982	protein heterodimerization activity	19	0.630535158956011	2.04963180553098	0.00085230194566492	0.00612800337469694	0.00413996711037474	167	tags=47%, list=16%, signal=41%	MCL1/MICU1/BCL2/MIGA1/BAX/BCL2L1/BCL2L10/QTRT1/BCL2L2
BP	GO:0006259	DNA metabolic process	44	0.479317071189278	1.89207527628296	0.000883613078560579	0.00631783351170814	0.00426821288240373	259	tags=55%, list=24%, signal=43%	TOP1MT/UNG/REXO2/POLQ/PIF1/TK2/SPIRE1/RNASEH1/BAX/POLB/METTL4/DUT/MGME1/EXD2/NME3/ALKBH1/PRIMPOL/MPV17/POLG2/GFER/RECQL4/APEX1/OGG1/MUTYH
BP	GO:0097435	supramolecular fiber organization	13	0.706021923396511	2.0282776631347	0.000905792511808562	0.00644063515302552	0.00435117542747236	85	tags=54%, list=8%, signal=50%	BCL2/FKBP10/GPX1/SPIRE1/BAX/BID/RHOT1
BP	GO:0048856	anatomical structure development	180	0.309291687802089	1.55118144508131	0.00134020530250951	0.00912615991708855	0.00616546688873769	243	tags=32%, list=23%, signal=30%	CASP8/GLUD1/FAM210B/NBR1/WARS2/ALAS2/BCL2/PANK2/UNG/HSCB/FKBP10/MARCHF5/SLC25A38/SPTLC2/BCL2L11/GPX1/CASP3/POLQ/SPIRE1/COMT/PRDX4/BAX/POLB/HTRA2/IMMP2L/ALDH3A2/NLN/EFHD1/MGARP/ABCB10/NSUN2/DUT/BCL2L1/CYP27B1/CDK5RAP1/HTATIP2/SYNJ2BP/TOMM70/BCL2L2/PDE2A/ALKBH1/GRSF1/MCU/NGRN/MPV17/PNPT1/DNM1L/DGUOK/SLC25A46/SLC25A27/MFF/POLG2/NOCT/SFXN1/FKBP8/MTERF4/GFER/SEPTIN4
BP	GO:0007049	cell cycle	34	0.49449120704127	1.8425399068538	0.00143250472498283	0.00970333463712057	0.00655539558357796	202	tags=44%, list=19%, signal=37%	BCL2/ANGEL2/BCL2L11/CASP3/TTC19/SPIRE1/BAX/BID/HTRA2/NSUN2/BCL2L1/CYP27B1/CDK5RAP1/PNPT1/CRY1
CC	GO:0031984	organelle subcompartment	32	0.507596646427297	1.85136343821113	0.00144506584732444	0.00973717144244268	0.00657825511099468	196	tags=47%, list=19%, signal=39%	GOLPH3/BCL2/MARCHF5/SPTLC2/AHCYL1/BAX/HTRA2/CPT1C/ALDH3A2/AGPAT4/PNPLA8/STX17/PNPT1/PREPL/DNM1L
BP	GO:0006915	apoptotic process	129	0.331875030114649	1.5904504590215	0.00152503038046723	0.0102224692690694	0.00690611345540531	262	tags=34%, list=25%, signal=29%	CASP8/MCL1/BNIP3L/GOLPH3/NOA1/OXR1/BCL2/UNG/YME1L1/RFK/BCL2L11/GPX1/CASP3/AHCYL1/BAX/POLB/BID/RHOT1/HTRA2/BCL2L1/RMDN3/GLS2/BCL2L10/PMAIP1/HTATIP2/TOMM70/BCL2L2/COA8/NME3/ALKBH1/DNM1L/SLC25A27/BBC3/MFF/DIABLO/FKBP8/THEM4/GFER/PTRH2/SEPTIN4/SLC25A6/APEX1/OGG1/ARG2
BP	GO:0050793	regulation of developmental process	55	0.433121578715937	1.80035808625626	0.00156504586220008	0.0103825465188222	0.00701425872044096	211	tags=44%, list=20%, signal=37%	CASP8/FAM210B/NBR1/WARS2/BCL2/MARCHF5/BCL2L11/SPIRE1/BAX/HTRA2/NLN/MGARP/ABCB10/NSUN2/BCL2L1/CYP27B1/OCIAD1/CDK5RAP1/HTATIP2/SYNJ2BP/TOMM70/MCU/DNM1L/MFF
BP	GO:0008033	tRNA processing	33	0.519544451338984	1.92090151797204	0.00161621776404155	0.0106126135832729	0.0071696878254475	400	tags=79%, list=38%, signal=51%	METTL8/THG1L/NSUN3/TRNT1/NSUN2/QTRT1/CDK5RAP1/MTO1/TRMT5/ALKBH1/GRSF1/PNPT1/DUS2/PRORP/TRIT1/MTFMT/TRMT61B/YRDC/KARS1/PTCD1/PUSL1/TRMT1/PUS1/ELAC2/RPUSD4/TRMT2B
BP	GO:0043524	negative regulation of neuron apoptotic process	14	0.664926392965285	1.9619435118583	0.00171781615308639	0.011109695422222	0.00750550723326823	203	tags=50%, list=19%, signal=41%	OXR1/BCL2/BAX/HTRA2/BCL2L1/ALKBH1/SLC25A27
BP	GO:0043068	positive regulation of programmed cell death	39	0.486300383753775	1.86402805458505	0.00176451505061092	0.0113546543506813	0.007670997009498	243	tags=41%, list=23%, signal=33%	CASP8/MCL1/BNIP3L/BCL2/BCL2L11/CASP3/BAX/BID/HTRA2/PMAIP1/HTATIP2/DNM1L/BBC3/DIABLO/PTRH2/SEPTIN4
BP	GO:0048584	positive regulation of response to stimulus	50	0.437578131895589	1.77712926555005	0.00181665860237859	0.0116320379167226	0.00785839227842216	243	tags=40%, list=23%, signal=32%	CASP8/MCL1/GOLPH3/BCL2/BCL2L11/GPX1/SPIRE1/BAX/BID/HTRA2/CYP27B1/OCIAD1/PMAIP1/TOMM70/PDE2A/MCU/DNM1L/BBC3/FKBP8/SEPTIN4
MF	GO:0016772	transferase activity, transferring phosphorus-containing groups	55	0.428710858580323	1.78202402937111	0.00186138272399518	0.0118009830826689	0.00797252854560549	337	tags=51%, list=32%, signal=37%	PDK3/PANK2/RFK/THG1L/NUDT5/POLQ/TRNT1/TK2/POLB/NMNAT3/HTATIP2/NME3/PRIMPOL/PNPT1/ADCK2/ALDH18A1/DGUOK/GUK1/AK2/POLG2/CMPK2/NME4/YRDC/KARS1/PGS1/POLG/DCAKD/COASY
BP	GO:0032880	regulation of protein localization	34	0.487420889459417	1.81619496459154	0.00191326322808355	0.0120704400712918	0.00815456876365846	211	tags=35%, list=20%, signal=29%	GLUD1/BNIP3L/GOLPH3/STOM/BCL2/HTRA2/SLC8B1/BCL2L1/TOMM70/MCU/DNM1L/MFF
BP	GO:0009451	RNA modification	34	0.485926144275161	1.81062534552987	0.00206186169698281	0.0129444683122774	0.00874504627321079	307	tags=59%, list=29%, signal=43%	METTL8/THG1L/NSUN3/NSUN2/METTL15/METTL4/QTRT1/CDK5RAP1/MTO1/TRMT5/ALKBH1/MRM3/DUS2/NSUN4/TRIT1/MTFMT/TRMT61B/YRDC/TFB2M/METTL5
BP	GO:0045595	regulation of cell differentiation	24	0.554698030168127	1.90027106116925	0.00208710898306831	0.0130393653456744	0.0088091569750354	163	tags=46%, list=15%, signal=40%	CASP8/FAM210B/NBR1/BCL2/NLN/ABCB10/NSUN2/CYP27B1/OCIAD1/CDK5RAP1/TOMM70
BP	GO:0048522	positive regulation of cellular process	169	0.309772296721851	1.54299020494553	0.00217706465698483	0.0134705875650936	0.00910048282727464	278	tags=36%, list=26%, signal=32%	CASP8/GLUD1/MCL1/BNIP3L/FAM210B/METTL8/GOLPH3/STOM/BCL2/ANGEL2/MARCHF5/SPTLC2/BCL2L11/GPX1/CASP3/SCP2/SPIRE1/BAX/BID/HTRA2/ARMCX3/MGARP/ABCB10/BCL2L1/CYP27B1/KMO/OCIAD1/PMAIP1/CDK5RAP1/HTATIP2/PDE12/RMND1/TOMM70/PDE2A/COA8/GRSF1/MCU/VPS13D/NGRN/PNPT1/DNM1L/CRY1/SLC25A27/BBC3/MFF/DIABLO/TFAM/POLG2/NOCT/FKBP8/ISCU/GFER/PTRH2/SEPTIN4/ATPSCKMT/APEX1/ARG2/SHMT2/GUF1/BCL2A1/RCC1L
BP	GO:0048731	system development	111	0.338336580206502	1.59039288542937	0.00221193383364634	0.0136208557124538	0.00920200124196361	199	tags=31%, list=19%, signal=28%	CASP8/GLUD1/WARS2/BCL2/PANK2/UNG/FKBP10/BCL2L11/GPX1/CASP3/POLQ/COMT/PRDX4/BAX/POLB/HTRA2/IMMP2L/ALDH3A2/EFHD1/MGARP/DUT/BCL2L1/CDK5RAP1/HTATIP2/SYNJ2BP/TOMM70/BCL2L2/PDE2A/ALKBH1/NGRN/MPV17/PNPT1/DGUOK/SLC25A46
MF	GO:0004129	cytochrome-c oxidase activity	10	-0.729582025957434	-1.90607789566444	0.00245092233000966	0.014809094078509	0.0100047533708326	187	tags=70%, list=18%, signal=58%	COX4I1/COX5B/COX7B/COX6B1/COX7A1/COX5A/COX8A
BP	GO:0072329	monocarboxylic acid catabolic process	55	-0.421789127144031	-1.75920504320323	0.00241690804651351	0.014809094078509	0.0100047533708326	245	tags=49%, list=23%, signal=40%	ACADM/PHYH/HADHB/ETFDH/AGXT/ACACB/ETFA/ACAA2/ACADVL/HADHA/HADH/PCCB/GCDH/ECHS1/CRAT/MLYCD/CPT1B/ACAA1/ACADS/HSD17B10/ECI2/DECR1/DCXR/ACAT1/LDHD/ECI1/ETFB
CC	GO:0005759	mitochondrial matrix	418	-0.254974480288788	-1.41145252336981	0.00242967764460965	0.014809094078509	0.0100047533708326	314	tags=36%, list=30%, signal=41%	MRPS28/SIRT4/PPM1K/GADD45GIP1/PDK2/FLAD1/GCSH/VDAC2/OXCT1/ABHD11/TFB1M/DGLUCY/OGDHL/OXCT2/MCAT/ABAT/ATAD3A/MRPL33/BCKDK/DLD/MRPS26/MRPS15/RPUSD3/MRPL1/MCCC1/MRPS5/C1QBP/HSPE1/MRPS11/GLRX5/HOGA1/ACOT13/ADHFE1/NFS1/ACP6/MECR/PDHA1/ACADM/ATP5PB/TRUB2/PRODH/MRPL46/MRPL16/TBRG4/HADHB/GOT2/MRPS7/ETFDH/MRPL57/ACACB/SIRT5/MRPL14/MRPL15/MRPL41/ATP5F1E/CHCHD1/ETFA/CS/GPT2/LONP1/ACAA2/POLDIP2/MRPL58/ACADVL/BCO2/SUOX/MRPL10/OXA1L/HADHA/MALSU1/FASTKD1/FXN/HADH/ACSM2B/IDH3G/PCCB/ACOT2/COQ5/PC/MRPS33/NDUFS2/FH/AURKAIP1/TST/MRPL52/GCDH/ACO2/CLPP/ATP5F1A/ECHS1/ACSS1/ACOT11/MRPL51/MRPL38/NDUFA9/UQCC2/MLYCD/MRPL20/SLIRP/ALAS1/MRPS18C/NDUFA7/MRPS16/MRPS24/COX10/TIMM44/BOLA3/NDUFAB1/MRPL4/MRPS17/NAXE/ATP5F1C/MRPS18A/PRDX5/ACADS/HSD17B10/MRPL28/ATP5F1D/OGDH/NDUFB8/NDUFA10/MRPS34/NT5M/TRAP1/BCAT2/ALKBH7/DECR1/ATP5F1B/SUCLG1/MRPS9/MRPL37/BCKDHA/MRPL21/MRPL27/TXN2/IDH3B/ACAT1/TUFM/MRPL2/MRPL12/ECI1/ETFB/ALDH4A1/NDUFS7/NDUFS8/IDH2/COQ3/MDH2/HMGCS2
BP	GO:0051726	regulation of cell cycle	22	0.568702403736918	1.90255175680521	0.00247377058949057	0.0148773025638989	0.0100508337772711	202	tags=55%, list=19%, signal=45%	BCL2/ANGEL2/BCL2L11/CASP3/BAX/BID/HTRA2/NSUN2/BCL2L1/CDK5RAP1/PNPT1/CRY1
BP	GO:0038034	signal transduction in absence of ligand	13	0.674800933195817	1.938585211744	0.00260825115563179	0.0154692130751065	0.0104507177033804	167	tags=62%, list=16%, signal=52%	MCL1/BCL2/BCL2L11/BAX/HTRA2/BCL2L1/BCL2L10/BCL2L2
BP	GO:2001235	positive regulation of apoptotic signaling pathway	16	0.608714090610911	1.89043150889536	0.00266652753789222	0.0157422978957215	0.0106352088184402	243	tags=56%, list=23%, signal=44%	MCL1/BCL2L11/BAX/BID/HTRA2/PMAIP1/DNM1L/BBC3/SEPTIN4
BP	GO:0016070	RNA metabolic process	127	0.32200963728038	1.53106028469191	0.00276033593625743	0.016221700228143	0.010959084274687	328	tags=43%, list=31%, signal=34%	METTL8/WARS2/RARS2/ANGEL2/THG1L/NSUN3/AHCYL1/TRNT1/RNASEH1/GATC/ARMCX3/NSUN2/METTL15/METTL4/QTRT1/CDK5RAP1/RBFA/HTATIP2/PDE12/MTO1/PDE2A/TRMT5/ALKBH1/YARS2/PRIMPOL/GRSF1/MRM3/PNPT1/DUS2/HARS2/CRY1/MTERF3/NSUN4/PRORP/DARS2/GARS1/TFAM/NOCT/MTERF4/TRIT1/APEX1/MTERF1/OGG1/MTFMT/TRMT61B/YRDC/TFB2M/KARS1/DHRS7B/METTL5/FASTKD3/GPAT2/SLC30A9/PTCD1/SUPV3L1
BP	GO:0048583	regulation of response to stimulus	103	0.342123297835072	1.57658436770737	0.002795891995205	0.0163559681719492	0.0110497932442073	262	tags=36%, list=25%, signal=30%	CASP8/MCL1/GOLPH3/NBR1/OXR1/MICU1/BCL2/LETMD1/BCL2L11/GPX1/POLQ/SLC25A14/SPIRE1/BAX/BID/HTRA2/SLC8B1/EFHD1/BCL2L1/CYP27B1/OCIAD1/PMAIP1/SYNJ2BP/PNPLA8/TOMM70/BCL2L2/PDE2A/MCU/DNM1L/CRY1/BBC3/FKBP8/GFER/SEPTIN4/SLC25A6/OGG1/ARG2
CC	GO:0005856	cytoskeleton	40	0.465362546161487	1.80044849509495	0.00282766120299542	0.0163938614117827	0.0110753932246616	196	tags=45%, list=19%, signal=38%	CASP8/STOM/TTC19/SPIRE1/POLB/HTRA2/CEP89/NIT2/NSUN2/SNAP29/BCL2L1/RMDN3/BCL2L10/EXD2/NME3/NGRN/PREPL/DNM1L
BP	GO:0034641	cellular nitrogen compound metabolic process	472	-0.242120354046307	-1.34696315009283	0.00285792617324584	0.0164939506052349	0.0111430116549495	246	tags=28%, list=23%, signal=38%	PDHA1/ACADM/ATP5PB/TRUB2/MRPL46/MRPL16/TBRG4/MRPS7/MRPL57/PLD6/ACACB/COA3/MRPL14/MRPL15/MRPL41/ATP5F1E/CHCHD1/FIS1/LDHB/LONP1/POLDIP2/MRPL58/GATB/MRPL10/TSFM/MALSU1/FASTKD1/FXN/ACSM2B/ACOT2/ATP5PF/ATP5MK/PC/MRPS33/NDUFS2/NDUFS5/STOML2/NDUFB4/FH/ALDH1L1/AURKAIP1/TST/MRPL52/GCDH/ATP5F1A/NDUFB1/SDHB/ACSS1/ACOT11/MRPL51/MRPL38/NDUFB2/CRAT/NDUFA9/UQCC2/NDUFC1/ATP5ME/QDPR/MLYCD/MRPL20/SLIRP/ATP5MF/MTARC1/ALAS1/MRPS18C/NDUFA11/ATP5MC2/NDUFA7/MRPS16/MRPS24/COX10/NDUFA1/NDUFB3/NDUFAB1/MRPL4/MRPS17/NAXE/ATP5F1C/MRPS18A/ATP5MJ/PRDX5/CPT1B/HSD17B10/NDUFB6/MRPL28/MACROD1/ATP5F1D/OGDH/NDUFB8/NDUFA10/MRPS34/NT5M/NDUFS4/TRAP1/SDHA/ATP5F1B/SUCLG1/MRPS9/NDUFA8/NDUFB11/NDUFB7/DCXR/ENDOG/NDUFB10/MRPL37/MRPL21/NDUFC2/MRPL27/NDUFV3/ATP5MC3/ATP5MC1/NDUFA13/ATP5MG/ACAT1/ATP5PO/TUFM/MRPL2/NDUFB9/MRPL12/NDUFS6/TACO1/PTGES2/NDUFV1/NDUFS7/NDUFS8/UCP1/IDH2/MDH2/HMGCS2/GPAM
BP	GO:0009611	response to wounding	14	0.641237606543416	1.89204696193054	0.00303294972074517	0.0174259209401742	0.0117726337844714	89	tags=50%, list=8%, signal=46%	BCL2/FKBP10/GPX1/CASP3/COMT/BAX/NMNAT3
BP	GO:0048513	animal organ development	88	0.360613977637052	1.63002885627037	0.00318277355503065	0.0182054647347753	0.0122992793284459	203	tags=34%, list=19%, signal=30%	CASP8/GLUD1/NBR1/BCL2/HSCB/SPTLC2/BCL2L11/GPX1/CASP3/COMT/PRDX4/BAX/POLB/HTRA2/IMMP2L/NLN/MGARP/NSUN2/DUT/BCL2L1/CYP27B1/CDK5RAP1/TOMM70/BCL2L2/PDE2A/ALKBH1/MPV17/PNPT1/SLC25A46/SLC25A27
BP	GO:0048468	cell development	66	0.391338564971022	1.68040488046209	0.00325722355945822	0.0185488792965607	0.0125312839315905	199	tags=32%, list=19%, signal=28%	CASP8/FAM210B/ALAS2/BCL2/PANK2/HSCB/SLC25A38/GPX1/CASP3/BAX/HTRA2/EFHD1/MGARP/ABCB10/NSUN2/BCL2L1/TOMM70/PDE2A/ALKBH1/DGUOK/SLC25A46
BP	GO:0009411	response to UV	10	0.736282096921358	1.96944470346476	0.00327289380831564	0.0185560102700539	0.0125361014869869	178	tags=50%, list=17%, signal=42%	BCL2/GPX1/CASP3/BAX/PRIMPOL
BP	GO:0006816	calcium ion transport	23	0.553527932296246	1.86198841778529	0.00338723878557105	0.0191200715659208	0.0129171709920669	196	tags=35%, list=19%, signal=29%	MICU1/BCL2/MCUB/BAX/SLC8B1/CYP27B1/MCU/DNM1L
BP	GO:0009314	response to radiation	17	0.594290129992265	1.86270697837368	0.00347635297573231	0.0195374073352292	0.0131991154123415	202	tags=53%, list=19%, signal=44%	BCL2/GPX1/CASP3/COMT/BAX/POLB/BCL2L1/PRIMPOL/CRY1
BP	GO:0090200	positive regulation of release of cytochrome c from mitochondria	13	0.665098716806326	1.9107124387697	0.00365904185169932	0.0203860903166105	0.0137724701276083	211	tags=54%, list=20%, signal=44%	BCL2L11/BAX/BID/PMAIP1/DNM1L/BBC3/MFF
BP	GO:1904951	positive regulation of establishment of protein localization	18	0.601216862129208	1.92757600714609	0.00387224669509881	0.020986567261064	0.0141781413794945	211	tags=44%, list=20%, signal=36%	GLUD1/GOLPH3/STOM/HTRA2/TOMM70/MCU/DNM1L/MFF
MF	GO:0008173	RNA methyltransferase activity	16	0.59271257705805	1.84073697105414	0.00388096581828535	0.020986567261064	0.0141781413794945	307	tags=69%, list=29%, signal=50%	METTL8/NSUN3/NSUN2/METTL15/METTL4/TRMT5/MRM3/NSUN4/TRMT61B/TFB2M/METTL5
BP	GO:1902531	regulation of intracellular signal transduction	51	0.406383248472375	1.66091031398805	0.00383768511679902	0.020986567261064	0.0141781413794945	209	tags=35%, list=20%, signal=30%	CASP8/MCL1/GOLPH3/NBR1/BCL2/BCL2L11/GPX1/BAX/BID/HTRA2/BCL2L1/PMAIP1/SYNJ2BP/BCL2L2/PDE2A/DNM1L/CRY1/BBC3
BP	GO:0042592	homeostatic process	127	0.317160941313702	1.50800617398322	0.00385786483127174	0.020986567261064	0.0141781413794945	136	tags=23%, list=13%, signal=23%	MCL1/GLS/FAM210B/ACSM3/MICU1/ALAS2/BCL2/LETMD1/HSCB/ACADL/SLC25A38/MCUB/BCL2L11/GPX1/CASP3/COMT/PRDX4/BAX/POLB/RHOT1/COX19/ACSM1/SLC8B1/ABCB10/SLC25A44/RMDN3/CYP27B1/OCIAD1/PMAIP1
BP	GO:0006281	DNA repair	23	0.54834516718556	1.84455434075838	0.00400699475430486	0.0215774152669053	0.0145773074963921	323	tags=74%, list=31%, signal=52%	UNG/POLQ/PIF1/SPIRE1/POLB/MGME1/EXD2/NME3/ALKBH1/PRIMPOL/RECQL4/APEX1/OGG1/MUTYH/POLG/NTHL1/SLC30A9
BP	GO:0006950	response to stress	184	0.298390993427979	1.50403461498426	0.00408075002840134	0.0218302376432245	0.0147481096743168	203	tags=29%, list=19%, signal=29%	PDK3/CASP8/MCL1/BNIP3L/NBR1/OXR1/MSRB3/MICU1/ALAS2/BCL2/LETMD1/UNG/FKBP10/THG1L/BCL2L11/GPX1/CASP3/POLQ/SLC25A14/PIF1/SPIRE1/COMT/PRDX4/BAX/POLB/BID/HTRA2/NMNAT3/IMMP2L/CYB5B/EFHD1/MGARP/ABCB10/BCL2L1/CYP27B1/KMO/BCL2L10/PMAIP1/MGME1/EXD2/PDE12/PNPLA8/TOMM70/BCL2L2/PDE2A/COA8/NME3/ALKBH1/PRIMPOL/MPV17/PNPT1/DUS2/CRY1/SLC25A27
BP	GO:0032501	multicellular organismal process	225	0.276988208730743	1.43235458632119	0.00408786889822618	0.0218302376432245	0.0147481096743168	243	tags=31%, list=23%, signal=30%	CASP8/GLUD1/OAT/GLS/FAM210B/NBR1/ACSM3/WARS2/OXR1/ALAS2/BCL2/LETMD1/PANK2/UNG/HSCB/ACADL/FKBP10/SLC25A38/BCL2L11/GPX1/CASP3/POLQ/SPIRE1/COMT/PRDX4/BAX/POLB/BID/HTRA2/IMMP2L/ALDH3A2/EFHD1/MGARP/ABCB10/NSUN2/TIMM9/SLC25A44/DUT/BCL2L1/CYP27B1/BCL2L10/OCIAD1/PMAIP1/CDK5RAP1/HTATIP2/SYNJ2BP/CRYZ/TOMM70/BCL2L2/PDE2A/ALKBH1/GRSF1/NGRN/MPV17/PNPT1/DNM1L/DGUOK/SLC25A46/CRY1/CYP11B1/GATM/POLG2/NOCT/IDE/SFXN1/FKBP8/CBR3/MTERF4/GFER/SEPTIN4
BP	GO:0051259	protein complex oligomerization	24	0.528876707407724	1.81181299978433	0.00442157248175485	0.0233219827213873	0.0157559053922757	196	tags=54%, list=19%, signal=45%	GLS/MICU1/HSCB/YME1L1/THG1L/POLQ/TMEM70/CBR4/CRYZ/MCU/ALDH9A1/PNPT1/DNM1L
BP	GO:0006400	tRNA modification	23	0.541907779620895	1.82289989409572	0.00462942230112757	0.0243186387818416	0.0164292280160317	289	tags=61%, list=27%, signal=45%	METTL8/THG1L/NSUN3/NSUN2/QTRT1/CDK5RAP1/MTO1/TRMT5/ALKBH1/DUS2/TRIT1/MTFMT/TRMT61B/YRDC
BP	GO:0043414	macromolecule methylation	25	0.521976008196091	1.80126587599101	0.00478970092065252	0.024956862691821	0.0168604004281227	307	tags=60%, list=29%, signal=44%	METTL8/NSUN3/NSUN2/METTL15/METTL4/MTO1/TRMT5/MRM3/NSUN4/ATPSCKMT/NDUFAF7/TRMT61B/TFB2M/ETFBKMT/METTL5
BP	GO:0030097	hemopoiesis	34	0.466843568176353	1.73952113278156	0.00489075059516158	0.0253806290966651	0.017146689268266	110	tags=26%, list=10%, signal=25%	CASP8/FAM210B/ALAS2/BCL2/HSCB/SLC25A38/CASP3/BAX/ABCB10
BP	GO:0006914	autophagy	38	0.459094213092839	1.76319073833192	0.00495542632497717	0.0255105347209825	0.0172344511344469	196	tags=37%, list=19%, signal=31%	MCL1/BNIP3L/NBR1/FBXL4/BCL2/SPTLC2/CASP3/USP30/HTRA2/SNAP29/RAB24/STX17/VPS13D/DNM1L
BP	GO:0016236	macroautophagy	24	0.523507322323724	1.79341869056296	0.00502621812961971	0.0255681530941524	0.0172733770545699	196	tags=42%, list=19%, signal=35%	BNIP3L/NBR1/SPTLC2/CASP3/USP30/HTRA2/SNAP29/STX17/VPS13D/DNM1L
BP	GO:0030030	cell projection organization	24	0.523476583511132	1.79331338628415	0.00502621812961971	0.0255681530941524	0.0172733770545699	199	tags=42%, list=19%, signal=35%	GOLPH3/BCL2/CASP3/CEP89/EFHD1/MGARP/SNAP29/ALKBH1/DGUOK/SLC25A46
BP	GO:0045597	positive regulation of cell differentiation	10	0.719576262410973	1.92475908985143	0.00513322686308407	0.0260096967432645	0.0175716758761187	126	tags=50%, list=12%, signal=44%	CASP8/FAM210B/BCL2/ABCB10/CYP27B1
BP	GO:0030154	cell differentiation	107	0.32652234387263	1.52765013285233	0.00542248858879818	0.0270493907510979	0.0182740741507438	199	tags=29%, list=19%, signal=26%	CASP8/MCL1/FAM210B/NBR1/WARS2/ALAS2/BCL2/PANK2/HSCB/SLC25A38/GPX1/CASP3/BAX/HTRA2/NLN/EFHD1/MGARP/ABCB10/NSUN2/BCL2L1/RMDN3/CYP27B1/OCIAD1/CDK5RAP1/HTATIP2/TOMM70/PDE2A/ALKBH1/NGRN/DGUOK/SLC25A46
CC	GO:0045239	tricarboxylic acid cycle enzyme complex	16	-0.590148295336405	-1.79097933337234	0.00565507639912515	0.0279926281756695	0.0189113081201513	301	tags=62%, list=28%, signal=45%	ABHD11/OGDHL/BCKDK/DLD/IDH3G/FH/OGDH/SUCLG1/BCKDHA/IDH3B
BP	GO:0097190	apoptotic signaling pathway	66	0.381043031913398	1.63619593826834	0.00564880525366576	0.0279926281756695	0.0189113081201513	212	tags=32%, list=20%, signal=27%	CASP8/MCL1/BNIP3L/BCL2/BCL2L11/GPX1/CASP3/BAX/POLB/BID/RHOT1/HTRA2/BCL2L1/BCL2L10/PMAIP1/BCL2L2/COA8/DNM1L/BBC3/MFF/DIABLO
MF	GO:0016616	oxidoreductase activity, acting on the CH-OH group of donors, NAD or NADP as acceptor	30	-0.490805983077821	-1.76450131680688	0.00568956496930988	0.0280280957076944	0.0189352693367321	259	tags=47%, list=24%, signal=36%	ADHFE1/HADHB/LDHB/HADHA/GRHPR/HADH/IDH3G/HSD17B10/DCXR/IDH3B/LDHD/IDH2/MDH2/FASN
MF	GO:0035639	purine ribonucleoside triphosphate binding	161	0.293877368519496	1.44851443018351	0.00570579726139544	0.0280280957076944	0.0189352693367321	300	tags=36%, list=28%, signal=30%	PDK3/GLUD1/ACSM3/NOA1/WARS2/ACSS3/RARS2/PANK2/YME1L1/RFK/THG1L/POLQ/TRNT1/PIF1/TK2/RHOT1/NMNAT3/GATC/ACSM1/ABCB10/MMAA/ABCA9/PNPLA8/RAB24/CLPX/GTPBP10/NME3/YARS2/ADCK2/ALDH18A1/DNM1L/DGUOK/HARS2/GUK1/GTPBP6/MOCS1/ACSF3/AK2/ARF5/PAICS/DARS2/GARS1/IDE/SEPTIN4/TRIT1/RECQL4/MTHFD1L/CMPK2/NME4/GUF1/RCC1L/ACSM5/MFN1/DHX30/OPA1/KARS1/MTG2/PGS1
BP	GO:0043067	regulation of programmed cell death	96	0.339904866639588	1.55495317173076	0.00580291945543642	0.0283967959663372	0.0191843564946587	277	tags=39%, list=26%, signal=31%	CASP8/MCL1/BNIP3L/GOLPH3/OXR1/BCL2/UNG/YME1L1/BCL2L11/GPX1/CASP3/BAX/BID/HTRA2/BCL2L1/GLS2/BCL2L10/PMAIP1/HTATIP2/TOMM70/BCL2L2/ALKBH1/DNM1L/SLC25A27/BBC3/DIABLO/FKBP8/GFER/PTRH2/SEPTIN4/SLC25A6/APEX1/OGG1/MUTYH/ARG2/BCL2A1/GPX4
BP	GO:0030218	erythrocyte differentiation	12	0.644950348611906	1.81098895729057	0.00600877008668335	0.029072507900607	0.0196408551309871	110	tags=50%, list=10%, signal=45%	FAM210B/ALAS2/HSCB/SLC25A38/CASP3/ABCB10
CC	GO:0005694	chromosome	18	0.58496009442747	1.87545478874805	0.00670926523461777	0.0322194938692279	0.021766901350331	254	tags=56%, list=24%, signal=43%	TOP1MT/POLQ/PIF1/HTRA2/EXD2/GTPBP10/ALKBH1/PRIMPOL/RECQL4/APEX1
BP	GO:0001836	release of cytochrome c from mitochondria	29	0.502954116146826	1.77458982542287	0.00711609204117081	0.0339200387295809	0.0229157583859926	211	tags=41%, list=20%, signal=34%	MCL1/BCL2/BCL2L11/GPX1/BAX/BID/BCL2L1/PMAIP1/BCL2L2/DNM1L/BBC3/MFF
BP	GO:0016485	protein processing	22	0.542294906565191	1.81420743153638	0.00716430043890003	0.0340238179515289	0.0229858697321089	92	tags=27%, list=9%, signal=25%	CASP8/YME1L1/CASP3/PISD/HTRA2/IMMP2L
BP	GO:0048514	blood vessel morphogenesis	11	0.681752665786638	1.86292634976872	0.00732267737361251	0.0343197715153625	0.0231858105522344	155	tags=73%, list=15%, signal=63%	CASP8/WARS2/PANK2/FKBP10/GPX1/BAX/HTATIP2/SYNJ2BP
BP	GO:0051656	establishment of organelle localization	14	0.612492325901578	1.80723063120814	0.00732267737361251	0.0343197715153625	0.0231858105522344	196	tags=43%, list=19%, signal=35%	SPIRE1/RHOT1/ARMCX3/MGARP/SNAP29/DNM1L
BP	GO:1902533	positive regulation of intracellular signal transduction	28	0.486413495088293	1.69489923659094	0.00731997621332636	0.0343197715153625	0.0231858105522344	243	tags=39%, list=23%, signal=31%	CASP8/MCL1/GOLPH3/BCL2L11/GPX1/BAX/BID/PMAIP1/DNM1L/BBC3/SEPTIN4
MF	GO:0019001	guanyl nucleotide binding	37	0.441371947904726	1.68646556941129	0.00742941994374647	0.0343944729050421	0.0232362774461741	297	tags=54%, list=28%, signal=40%	GLUD1/NOA1/THG1L/RHOT1/ACSM1/MMAA/RAB24/PDE2A/GTPBP10/DNM1L/GTPBP6/MOCS1/ARF5/SEPTIN4/GUF1/RCC1L/ACSM5/MFN1/OPA1/MTG2
MF	GO:0004175	endopeptidase activity	24	0.509532880076137	1.74554538517008	0.00752039243285357	0.0346908425128407	0.0234364993380006	96	tags=29%, list=9%, signal=27%	CASP8/YME1L1/CASP3/USP30/HTRA2/IMMP2L/NLN
BP	GO:0009057	macromolecule catabolic process	54	0.404492943491085	1.67504840786718	0.00768724309124254	0.0353338637801041	0.0238709127570163	191	tags=33%, list=18%, signal=29%	CASP8/BNIP3L/FBXL4/ANGEL2/YME1L1/GPX1/CASP3/TRNT1/PISD/RNASEH1/BAX/HTRA2/NSUN2/PMAIP1/PDE12/CLPX/GRSF1/PNPT1
BP	GO:0006767	water-soluble vitamin metabolic process	18	0.579023520707532	1.85642139532878	0.00793684540779167	0.0363513168677149	0.0245582854723204	182	tags=39%, list=17%, signal=33%	SLC25A32/PANK2/ALDH1L2/RFK/MTHFD2/MMAA/SLC25A19
BP	GO:0006730	one-carbon metabolic process	12	0.631165379258675	1.77228143921725	0.00858299850344053	0.0388954896969294	0.0262770821491545	272	tags=67%, list=26%, signal=50%	SFXN3/ALDH1L2/AHCYL1/CA5B/MTHFD2/SFXN1/MTHFD1L/SHMT2
BP	GO:0009628	response to abiotic stimulus	67	0.378907916563967	1.63417440797195	0.00877931188625718	0.0393827898446299	0.0266062932250965	203	tags=33%, list=19%, signal=28%	PDK3/CASP8/BNIP3L/MICU1/ALAS2/BCL2/GPX1/CASP3/COMT/BAX/POLB/HTRA2/EFHD1/MGARP/BCL2L1/KMO/PMAIP1/PDE2A/PRIMPOL/ALDH18A1/CRY1/SLC25A27
BP	GO:0048523	negative regulation of cellular process	159	0.288941258099189	1.42707586899989	0.00877788285586851	0.0393827898446299	0.0266062932250965	277	tags=34%, list=26%, signal=30%	CASP8/MCL1/BNIP3L/GOLPH3/NBR1/OXR1/BCL2/UNG/ANGEL2/ACADL/YME1L1/GPX1/CASP3/POLQ/USP30/PIF1/PRDX4/BAX/BID/HTRA2/SLC8B1/MGARP/NSUN2/METTL4/BCL2L1/CYP27B1/BCL2L10/CDK5RAP1/HTATIP2/SYNJ2BP/PDE12/TOMM70/BCL2L2/PDE2A/COA8/ALKBH1/PNPT1/DGUOK/CRY1/SLC25A27/MTERF3/NOCT/FKBP8/ISCU/GFER/PTRH2/SLC25A6/APEX1/OGG1/MUTYH/ARG2/SHMT2/BCL2A1/GPX4
BP	GO:0007423	sensory organ development	12	0.628876611105613	1.76585469046067	0.00888681366445625	0.0394390661591558	0.0266443124749215	240	tags=58%, list=23%, signal=46%	BCL2/BCL2L11/BAX/MPV17/SLC25A27/FKBP8/MTERF4
BP	GO:0051640	organelle localization	19	0.553094973629837	1.79790299292433	0.00893549888271424	0.0395188558833444	0.0266982169546824	196	tags=42%, list=19%, signal=35%	AHCYL1/SPIRE1/RHOT1/ARMCX3/MGARP/SNAP29/STX17/DNM1L
BP	GO:0051881	regulation of mitochondrial membrane potential	32	0.456805755927639	1.66611320394127	0.00955708364871602	0.0421231734791011	0.0284576463368401	136	tags=22%, list=13%, signal=20%	BNIP3L/BCL2/PANK2/BAX/BID/BCL2L1/PMAIP1
MF	GO:0016796	exonuclease activity, active with either ribo- or deoxyribonucleic acids and producing 5'-phosphomonoesters	10	0.691613802747563	1.84996368424505	0.0100114632423599	0.0439752668700245	0.0297088867906925	314	tags=90%, list=30%, signal=64%	ANGEL2/REXO2/MGME1/EXD2/PDE12/PNPT1/NOCT/APEX1/POLG
BP	GO:0048518	positive regulation of biological process	196	0.282771860062189	1.43835476104478	0.0104012598232601	0.0455320455528427	0.0307606180236765	243	tags=31%, list=23%, signal=29%	CASP8/GLUD1/MCL1/BNIP3L/FAM210B/METTL8/GOLPH3/STOM/WARS2/BCL2/LETMD1/ANGEL2/ACADL/MARCHF5/SPTLC2/BCL2L11/GPX1/CASP3/AHCYL1/SCP2/SPIRE1/BAX/BID/HTRA2/ARMCX3/MGARP/ABCB10/BCL2L1/CYP27B1/KMO/BCL2L10/OCIAD1/PMAIP1/CDK5RAP1/HTATIP2/PDE12/RMND1/TOMM70/PDE2A/COA8/GRSF1/MCU/VPS13D/NGRN/PNPT1/DNM1L/CRY1/SLC25A27/BBC3/MFF/DIABLO/GATM/TFAM/POLG2/NOCT/IDE/FKBP8/ISCU/GFER/PTRH2/SEPTIN4
CC	GO:0005768	endosome	11	0.659452283522579	1.80198933871693	0.0108649223695416	0.0470206905530425	0.0317663193856076	135	tags=36%, list=13%, signal=32%	GOLPH3/NBR1/OSBPL1A/OCIAD1
BP	GO:0032787	monocarboxylic acid metabolic process	139	-0.30082162705943	-1.47421794000045	0.0108874637022585	0.0470206905530425	0.0317663193856076	347	tags=50%, list=33%, signal=38%	DLAT/ARL2/FABP1/PCCA/PNKD/ACSL1/PARK7/ACADSB/MCEE/SIRT4/PDK2/EHHADH/MRS2/OGDHL/MCAT/ABAT/ACSL6/DLD/MCCC1/ACLY/HOGA1/ECHDC3/MECR/PDHA1/ACADM/PHYH/HADHB/ETFDH/AGXT/ACACB/ETFA/LDHB/ACAA2/ACADVL/BCO2/HADHA/GRHPR/HADH/ACSM2B/PCCB/ACOT2/PC/ACAD9/GCDH/ECHS1/ACSS1/ACOT11/CRAT/MLYCD/DBI/NDUFAB1/CPT1B/ACAA1/ACADS/HSD17B10/OGDH/ECI2/ALKBH7/DECR1/MGST3/DCXR/ACAT1/LDHD/PTGES2/ECI1/ETFB/IDH2/GPAM/FASN
